Brand_Name,Deal_Week,deal_id,store_id,Week,total_inventory,Elasticity,new_discount,Actual discount,Inventory,Actual Remaining Inventory,week_gross,Weekly gross actual,week_gross_td,week_nett,week_nett_td,Period,deal_recovery,date1,Inventory remaining difference,discount difference,recovery actual
Forever 21,3,934,37599,Week1,1543794.26,,19.94,0.1994,1441541.58,1441541.58,102252.68,102252.68,102252.68,81863.49561,81863.49561,History,0.746990134,2024-11-20,0,0,0.489641936
Forever 21,3,934,37599,Week2,1543794.26,,21.62,0.2162,1330225.11,1330225.11,111316.47,213569.15,213569.15,87249.84919,169113.3448,History,0.746990134,2024-11-27,0,0,0.489641936
Forever 21,3,934,37599,Week3,1543794.26,0.0429201,22.7406728,0.2652,1082218.192,1183422.03,248006.9179,360372.23,461576.0679,191608.4762,360721.821,Future_Plan,0.746990134,2024-12-04,-101203.8379,-3.779327196,0.489641936
Forever 21,3,934,37599,Week4,1543794.26,0.0429201,23.02542455,0.3108,867223.228,1027991.31,214994.9641,515802.95,676571.032,165491.4608,526213.2818,Future_Plan,0.746990134,2024-12-11,-160768.082,-8.054575449,0.489641936
Forever 21,3,934,37599,Week5,1543794.26,0.0429201,23.4828214,0.3455,677914.5522,830868.79,189308.6758,712925.47,865879.7078,144853.6576,671066.9394,Future_Plan,0.746990134,2024-12-18,-152954.2378,-11.0671786,0.489641936
Forever 21,3,934,37599,Week6,1543794.26,0.0429201,24.21686691,0.3719,508572.7112,647863.51,169341.841,895930.75,1035221.549,128332.5528,799399.4922,Future_Plan,0.746990134,2024-12-25,-139290.7988,-12.97313309,0.489641936
Forever 21,3,934,37599,Week7,1543794.26,0.0429201,25.39018209,0.4002,355921.045,440853.37,152651.6661,1102940.89,1187873.215,113893.1301,913292.6223,Future_Plan,0.746990134,2025-01-01,-84932.32498,-14.62981791,0.489641936
Forever 21,3,934,37599,Week8,1543794.26,0.0429201,27.25049292,0.4193,220670.4286,329399.93,135250.6164,1214394.33,1323123.831,98394.15674,1011686.779,Future_Plan,0.746990134,2025-01-08,-108729.5014,-14.67950708,0.489641936
Forever 21,3,934,37599,Week9,1543794.26,0.0429201,30.15742507,0.4436,109283.1553,225614.7,111387.2734,1318179.56,1434511.105,77795.73985,1089482.519,Future_Plan,0.746990134,2025-01-15,-116331.5447,-14.20257493,0.489641936
Forever 21,3,934,37599,Week10,1543794.26,0.0429201,41.69589878,0.4663,-0.000069893,127350.65,109283.1554,1416443.61,1543794.26,63716.56151,1153199.08,Future_Plan,0.746990134,2025-01-22,-127350.6501,-4.934101215,0.489641936
Forever 21,4,934,37599,Week1,1543794.26,,19.94,0.1994,1441541.58,1441541.58,102252.68,102252.68,102252.68,81863.49561,81863.49561,History,0.703531247,2024-11-20,0,0,0.489641936
Forever 21,4,934,37599,Week2,1543794.26,,21.62,0.2162,1330225.11,1330225.11,111316.47,213569.15,213569.15,87249.84919,169113.3448,History,0.703531247,2024-11-27,0,0,0.489641936
Forever 21,4,934,37599,Week3,1543794.26,,26.52,0.2652,1183422.03,1183422.03,146803.08,360372.23,360372.23,107870.9032,276984.248,History,0.703531247,2024-12-04,0,0,0.489641936
Forever 21,4,934,37599,Week4,1543794.26,0.024059363,24.3974436,0.3108,962119.2282,1027991.31,221302.8018,515802.95,581675.0318,167310.5756,444294.8235,Future_Plan,0.703531247,2024-12-11,-65872.0818,-6.682556404,0.489641936
Forever 21,4,934,37599,Week5,1543794.26,0.024059363,26.40892341,0.3455,735638.9039,830868.79,226480.3243,712925.47,808155.3561,166669.3089,610964.1324,Future_Plan,0.703531247,2024-12-18,-95229.88606,-8.141076589,0.489641936
Forever 21,4,934,37599,Week6,1543794.26,0.024059363,28.254587,0.3719,529805.0439,647863.51,205833.86,895930.75,1013989.216,147676.353,758640.4854,Future_Plan,0.703531247,2024-12-25,-118058.4661,-8.935413004,0.489641936
Forever 21,4,934,37599,Week7,1543794.26,0.024059363,30.10358645,0.4002,357995.3101,440853.37,171809.7338,1102940.89,1185798.95,120088.8421,878729.3274,Future_Plan,0.703531247,2025-01-01,-82858.05985,-9.91641355,0.489641936
Forever 21,4,934,37599,Week8,1543794.26,0.024059363,32.14283374,0.4193,224337.1933,329399.93,133658.1169,1214394.33,1319457.067,90696.61057,969425.938,Future_Plan,0.703531247,2025-01-08,-105062.7367,-9.787166257,0.489641936
Forever 21,4,934,37599,Week9,1543794.26,0.024059363,34.5928414,0.4436,127356.8508,225614.7,96980.34252,1318179.56,1416437.409,63432.08644,1032858.024,Future_Plan,0.703531247,2025-01-15,-98257.84923,-9.767158597,0.489641936
Forever 21,4,934,37599,Week10,1543794.26,0.024059363,58.18876116,0.4663,-0.000045659,127350.65,127356.8508,1416443.61,1543794.26,53249.47708,1086107.502,Future_Plan,0.703531247,2025-01-22,-127350.65,11.55876116,0.489641936
Forever 21,5,934,37599,Week1,1543794.26,,19.94,0.1994,1441541.58,1441541.58,102252.68,102252.68,102252.68,81863.49561,81863.49561,History,0.689347691,2024-11-20,0,0,0.489641936
Forever 21,5,934,37599,Week2,1543794.26,,21.62,0.2162,1330225.11,1330225.11,111316.47,213569.15,213569.15,87249.84919,169113.3448,History,0.689347691,2024-11-27,0,0,0.489641936
Forever 21,5,934,37599,Week3,1543794.26,,26.52,0.2652,1183422.03,1183422.03,146803.08,360372.23,360372.23,107870.9032,276984.248,History,0.689347691,2024-12-04,0,0,0.489641936
Forever 21,5,934,37599,Week4,1543794.26,,31.08,0.3108,1027991.31,1027991.31,155430.72,515802.95,515802.95,107122.8522,384107.1002,History,0.689347691,2024-12-11,0,0,0.489641936
Forever 21,5,934,37599,Week5,1543794.26,0.022930172,25.65983967,0.3455,809053.8412,830868.79,218937.4688,712925.47,734740.4188,162758.4653,546865.5655,Future_Plan,0.689347691,2024-12-18,-21814.94878,-8.890160327,0.489641936
Forever 21,5,934,37599,Week6,1543794.26,0.022930172,28.26081752,0.3719,588492.1233,647863.51,220561.718,895930.75,955302.1367,158229.1733,705094.7388,Future_Plan,0.689347691,2024-12-25,-59371.38675,-8.929182478,0.489641936
Forever 21,5,934,37599,Week7,1543794.26,0.022930172,30.66610416,0.4002,395601.7683,440853.37,192890.355,1102940.89,1148192.492,133738.3978,838833.1366,Future_Plan,0.689347691,2025-01-01,-45251.60171,-9.353895839,0.489641936
Forever 21,5,934,37599,Week8,1543794.26,0.022930172,33.10350218,0.4193,243825.0156,329399.93,151776.7527,1214394.33,1299969.244,101533.3321,940366.4687,Future_Plan,0.689347691,2025-01-08,-85574.91442,-8.826497818,0.489641936
Forever 21,5,934,37599,Week9,1543794.26,0.022930172,35.81630986,0.4436,135111.8296,225614.7,108713.186,1318179.56,1408682.43,69776.13442,1010142.603,Future_Plan,0.689347691,2025-01-15,-90502.87037,-8.543690144,0.489641936
Forever 21,5,934,37599,Week10,1543794.26,0.022930172,59.9824789,0.4663,-4.61659E-05,127350.65,135111.8297,1416443.61,1543794.26,54068.40495,1064211.008,Future_Plan,0.689347691,2025-01-22,-127350.65,13.3524789,0.489641936
Forever 21,6,934,37599,Week1,1543794.26,,19.94,0.1994,1441541.58,1441541.58,102252.68,102252.68,102252.68,81863.49561,81863.49561,History,0.683222462,2024-11-20,0,0,0.489641936
Forever 21,6,934,37599,Week2,1543794.26,,21.62,0.2162,1330225.11,1330225.11,111316.47,213569.15,213569.15,87249.84919,169113.3448,History,0.683222462,2024-11-27,0,0,0.489641936
Forever 21,6,934,37599,Week3,1543794.26,,26.52,0.2652,1183422.03,1183422.03,146803.08,360372.23,360372.23,107870.9032,276984.248,History,0.683222462,2024-12-04,0,0,0.489641936
Forever 21,6,934,37599,Week4,1543794.26,,31.08,0.3108,1027991.31,1027991.31,155430.72,515802.95,515802.95,107122.8522,384107.1002,History,0.683222462,2024-12-11,0,0,0.489641936
Forever 21,6,934,37599,Week5,1543794.26,,34.55,0.3455,830868.79,830868.79,197122.52,712925.47,712925.47,129016.6893,513123.7895,History,0.683222462,2024-12-18,0,0,0.489641936
Forever 21,6,934,37599,Week6,1543794.26,0.025235237,26.88220762,0.3719,622883.4932,647863.51,207985.2968,895930.75,920910.7668,152074.2575,665198.0471,Future_Plan,0.683222462,2024-12-25,-24980.01683,-10.30779238,0.489641936
Forever 21,6,934,37599,Week7,1543794.26,0.025235237,29.60024587,0.4002,424237.8424,440853.37,198645.6507,1102940.89,1119556.418,139846.0497,805044.0968,Future_Plan,0.683222462,2025-01-01,-16615.52756,-10.41975413,0.489641936
Forever 21,6,934,37599,Week8,1543794.26,0.025235237,32.39594243,0.4193,259012.8674,329399.93,165224.9751,1214394.33,1284781.393,111698.7873,916742.884,Future_Plan,0.683222462,2025-01-08,-70387.06264,-9.534057566,0.489641936
Forever 21,6,934,37599,Week9,1543794.26,0.025235237,35.6298373,0.4436,136999.3708,225614.7,122013.4966,1318179.56,1406794.889,78540.28626,995283.1703,Future_Plan,0.683222462,2025-01-15,-88615.32921,-8.7301627,0.489641936
Forever 21,6,934,37599,Week10,1543794.26,0.025235237,56.58976845,0.4663,-5.15165E-05,127350.65,136999.3708,1416443.61,1543794.26,59471.7441,1054754.914,Future_Plan,0.683222462,2025-01-22,-127350.6501,9.959768454,0.489641936
Forever 21,7,934,37599,Week1,1543794.26,,19.94,0.1994,1441541.58,1441541.58,102252.68,102252.68,102252.68,81863.49561,81863.49561,History,0.674252909,2024-11-20,0,0,0.489641936
Forever 21,7,934,37599,Week2,1543794.26,,21.62,0.2162,1330225.11,1330225.11,111316.47,213569.15,213569.15,87249.84919,169113.3448,History,0.674252909,2024-11-27,0,0,0.489641936
Forever 21,7,934,37599,Week3,1543794.26,,26.52,0.2652,1183422.03,1183422.03,146803.08,360372.23,360372.23,107870.9032,276984.248,History,0.674252909,2024-12-04,0,0,0.489641936
Forever 21,7,934,37599,Week4,1543794.26,,31.08,0.3108,1027991.31,1027991.31,155430.72,515802.95,515802.95,107122.8522,384107.1002,History,0.674252909,2024-12-11,0,0,0.489641936
Forever 21,7,934,37599,Week5,1543794.26,,34.55,0.3455,830868.79,830868.79,197122.52,712925.47,712925.47,129016.6893,513123.7895,History,0.674252909,2024-12-18,0,0,0.489641936
Forever 21,7,934,37599,Week6,1543794.26,,37.19,0.3719,647863.51,647863.51,183005.28,895930.75,895930.75,114945.6164,628069.4059,History,0.674252909,2024-12-25,0,0,0.489641936
Forever 21,7,934,37599,Week7,1543794.26,0.027736681,29.5298428,0.4002,433158.7291,440853.37,214704.7809,1102940.89,1110635.531,151302.7966,779372.2025,Future_Plan,0.674252909,2025-01-01,-7694.640888,-10.4901572,0.489641936
Forever 21,7,934,37599,Week8,1543794.26,0.027736681,31.19184868,0.4193,269640.066,329399.93,163518.6631,1214394.33,1274154.194,112514.1692,891886.3717,Future_Plan,0.674252909,2025-01-08,-59759.86401,-10.73815132,0.489641936
Forever 21,7,934,37599,Week9,1543794.26,0.027736681,33.60241085,0.4436,149821.7648,225614.7,119818.3011,1318179.56,1393972.495,79556.46332,971442.835,Future_Plan,0.674252909,2025-01-15,-75792.93515,-10.75758915,0.489641936
Forever 21,7,934,37599,Week10,1543794.26,0.027736681,53.63494995,0.4663,-6.19227E-05,127350.65,149821.7649,1416443.61,1543794.26,69464.93628,1040907.771,Future_Plan,0.674252909,2025-01-22,-127350.6501,7.004949952,0.489641936
Forever 21,8,934,37599,Week1,1543794.26,,19.94,0.1994,1441541.58,1441541.58,102252.68,102252.68,102252.68,81863.49561,81863.49561,History,0.66333082,2024-11-20,0,0,0.489641936
Forever 21,8,934,37599,Week2,1543794.26,,21.62,0.2162,1330225.11,1330225.11,111316.47,213569.15,213569.15,87249.84919,169113.3448,History,0.66333082,2024-11-27,0,0,0.489641936
Forever 21,8,934,37599,Week3,1543794.26,,26.52,0.2652,1183422.03,1183422.03,146803.08,360372.23,360372.23,107870.9032,276984.248,History,0.66333082,2024-12-04,0,0,0.489641936
Forever 21,8,934,37599,Week4,1543794.26,,31.08,0.3108,1027991.31,1027991.31,155430.72,515802.95,515802.95,107122.8522,384107.1002,History,0.66333082,2024-12-11,0,0,0.489641936
Forever 21,8,934,37599,Week5,1543794.26,,34.55,0.3455,830868.79,830868.79,197122.52,712925.47,712925.47,129016.6893,513123.7895,History,0.66333082,2024-12-18,0,0,0.489641936
Forever 21,8,934,37599,Week6,1543794.26,,37.19,0.3719,647863.51,647863.51,183005.28,895930.75,895930.75,114945.6164,628069.4059,History,0.66333082,2024-12-25,0,0,0.489641936
Forever 21,8,934,37599,Week7,1543794.26,,40.02,0.4002,440853.37,440853.37,207010.14,1102940.89,1102940.89,124164.682,752234.0879,History,0.66333082,2025-01-01,0,0,0.489641936
Forever 21,8,934,37599,Week8,1543794.26,0.030284166,31.1044573,0.4193,268607.3884,329399.93,172245.9816,1214394.33,1275186.872,118669.8038,870903.8917,Future_Plan,0.66333082,2025-01-08,-60792.54163,-10.8255427,0.489641936
Forever 21,8,934,37599,Week9,1543794.26,0.030284166,33.93977215,0.4436,140595.6849,225614.7,128011.7035,1318179.56,1403198.575,84564.823,955468.7147,Future_Plan,0.66333082,2025-01-15,-85019.01512,-10.42022785,0.489641936
Forever 21,8,934,37599,Week10,1543794.26,0.030284166,51.2235399,0.4663,-6.34465E-05,127350.65,140595.6849,1416443.61,1543794.26,68577.59817,1024046.313,Future_Plan,0.66333082,2025-01-22,-127350.6501,4.593539901,0.489641936
Forever 21,9,934,37599,Week1,1543794.26,,19.94,0.1994,1441541.58,1441541.58,102252.68,102252.68,102252.68,81863.49561,81863.49561,History,0.652566771,2024-11-20,0,0,0.489641936
Forever 21,9,934,37599,Week2,1543794.26,,21.62,0.2162,1330225.11,1330225.11,111316.47,213569.15,213569.15,87249.84919,169113.3448,History,0.652566771,2024-11-27,0,0,0.489641936
Forever 21,9,934,37599,Week3,1543794.26,,26.52,0.2652,1183422.03,1183422.03,146803.08,360372.23,360372.23,107870.9032,276984.248,History,0.652566771,2024-12-04,0,0,0.489641936
Forever 21,9,934,37599,Week4,1543794.26,,31.08,0.3108,1027991.31,1027991.31,155430.72,515802.95,515802.95,107122.8522,384107.1002,History,0.652566771,2024-12-11,0,0,0.489641936
Forever 21,9,934,37599,Week5,1543794.26,,34.55,0.3455,830868.79,830868.79,197122.52,712925.47,712925.47,129016.6893,513123.7895,History,0.652566771,2024-12-18,0,0,0.489641936
Forever 21,9,934,37599,Week6,1543794.26,,37.19,0.3719,647863.51,647863.51,183005.28,895930.75,895930.75,114945.6164,628069.4059,History,0.652566771,2024-12-25,0,0,0.489641936
Forever 21,9,934,37599,Week7,1543794.26,,40.02,0.4002,440853.37,440853.37,207010.14,1102940.89,1102940.89,124164.682,752234.0879,History,0.652566771,2025-01-01,0,0,0.489641936
Forever 21,9,934,37599,Week8,1543794.26,,41.93,0.4193,329399.93,329399.93,111453.44,1214394.33,1214394.33,64721.01261,816955.1005,History,0.652566771,2025-01-08,0,0,0.489641936
Forever 21,9,934,37599,Week9,1543794.26,0.031750828,34.30176805,0.4436,164699.5492,225614.7,164700.3808,1318179.56,1379094.711,108205.2382,925160.3387,Future_Plan,0.652566771,2025-01-15,-60915.1508,-10.05823195,0.489641936
Forever 21,9,934,37599,Week10,1543794.26,0.031750828,50.04934928,0.4663,-7.79234E-05,127350.65,164699.5493,1416443.61,1543794.26,82268.4966,1007428.835,Future_Plan,0.652566771,2025-01-22,-127350.6501,3.419349275,0.489641936
Forever 21,10,934,37599,Week1,1543794.26,,19.94,0.1994,1441541.58,1441541.58,102252.68,102252.68,102252.68,81863.49561,81863.49561,History,0.640246051,2024-11-20,0,0,0.489641936
Forever 21,10,934,37599,Week2,1543794.26,,21.62,0.2162,1330225.11,1330225.11,111316.47,213569.15,213569.15,87249.84919,169113.3448,History,0.640246051,2024-11-27,0,0,0.489641936
Forever 21,10,934,37599,Week3,1543794.26,,26.52,0.2652,1183422.03,1183422.03,146803.08,360372.23,360372.23,107870.9032,276984.248,History,0.640246051,2024-12-04,0,0,0.489641936
Forever 21,10,934,37599,Week4,1543794.26,,31.08,0.3108,1027991.31,1027991.31,155430.72,515802.95,515802.95,107122.8522,384107.1002,History,0.640246051,2024-12-11,0,0,0.489641936
Forever 21,10,934,37599,Week5,1543794.26,,34.55,0.3455,830868.79,830868.79,197122.52,712925.47,712925.47,129016.6893,513123.7895,History,0.640246051,2024-12-18,0,0,0.489641936
Forever 21,10,934,37599,Week6,1543794.26,,37.19,0.3719,647863.51,647863.51,183005.28,895930.75,895930.75,114945.6164,628069.4059,History,0.640246051,2024-12-25,0,0,0.489641936
Forever 21,10,934,37599,Week7,1543794.26,,40.02,0.4002,440853.37,440853.37,207010.14,1102940.89,1102940.89,124164.682,752234.0879,History,0.640246051,2025-01-01,0,0,0.489641936
Forever 21,10,934,37599,Week8,1543794.26,,41.93,0.4193,329399.93,329399.93,111453.44,1214394.33,1214394.33,64721.01261,816955.1005,History,0.640246051,2025-01-08,0,0,0.489641936
Forever 21,10,934,37599,Week9,1543794.26,,44.36,0.4436,225614.7,225614.7,103785.23,1318179.56,1318179.56,57746.10197,874701.2025,History,0.640246051,2025-01-15,0,0,0.489641936
Forever 21,10,934,37599,Week10,1543794.26,0.032377816,49.60125576,0.4663,-0.000108852,127350.65,225614.7001,1416443.61,1543794.26,113706.9757,988408.1781,Future_Plan,0.640246051,2025-01-22,-127350.6501,2.971255763,0.489641936
Forever 21,3,934,37601,Week1,4088217.28,,20.88,0.2088,3834847.72,3834847.72,253369.56,253369.56,253369.56,200465.9959,200465.9959,History,0.734251067,2024-11-20,0,0,0.501895264
Forever 21,3,934,37601,Week2,4088217.28,,22.78,0.2278,3477213.43,3477213.43,357634.29,611003.85,611003.85,276165.1987,476631.1946,History,0.734251067,2024-11-27,0,0,0.501895264
Forever 21,3,934,37601,Week3,4088217.28,0.046041725,23.6676583,0.2702,2815415.716,3040710.82,661797.7141,1047506.46,1272801.564,505165.6924,981796.8871,Future_Plan,0.734251067,2024-12-04,-225295.1041,-3.352341695,0.501895264
Forever 21,3,934,37601,Week4,4088217.28,0.046041725,24.10909525,0.3143,2222352.126,2598073.31,593063.59,1490143.97,1865865.154,450081.3242,1431878.211,Future_Plan,0.734251067,2024-12-11,-375721.184,-7.320904752,0.501895264
Forever 21,3,934,37601,Week5,4088217.28,0.046041725,24.86665218,0.3538,1676702.67,1984604.49,545649.4564,2103612.79,2411514.61,409964.7039,1841842.915,Future_Plan,0.734251067,2024-12-18,-307901.8204,-10.51334782,0.501895264
Forever 21,3,934,37601,Week6,4088217.28,0.046041725,26.1629861,0.4038,1164950.628,1216383.89,511752.0418,2871833.39,2923266.652,377862.4262,2219705.341,Future_Plan,0.734251067,2024-12-25,-51433.26225,-14.2170139,0.501895264
Forever 21,3,934,37601,Week7,4088217.28,0.046041725,28.36556772,0.434,691253.7344,690312.17,473696.8934,3397905.11,3396963.546,339330.0803,2559035.422,Future_Plan,0.734251067,2025-01-01,941.564362,-15.03443228,0.501895264
Forever 21,3,934,37601,Week8,4088217.28,0.046041725,32.0564533,0.4652,292705.3489,293947.02,398548.3854,3794270.26,3795511.931,270787.9084,2829823.33,Future_Plan,0.734251067,2025-01-08,-1241.671088,-14.4635467,0.501895264
Forever 21,3,934,37601,Week9,4088217.28,0.046041725,41.25335589,0.4809,-0.000200818,135447.75,292705.3491,3952769.53,4088217.28,171954.5697,3001777.9,Future_Plan,0.734251067,2025-01-15,-135447.7502,-6.836644112,0.501895264
Forever 21,4,934,37601,Week1,4088217.28,,20.88,0.2088,3834847.72,3834847.72,253369.56,253369.56,253369.56,200465.9959,200465.9959,History,0.703493921,2024-11-20,0,0,0.501895264
Forever 21,4,934,37601,Week2,4088217.28,,22.78,0.2278,3477213.43,3477213.43,357634.29,611003.85,611003.85,276165.1987,476631.1946,History,0.703493921,2024-11-27,0,0,0.501895264
Forever 21,4,934,37601,Week3,4088217.28,,27.02,0.2702,3040710.82,3040710.82,436502.61,1047506.46,1047506.46,318559.6048,795190.7994,History,0.703493921,2024-12-04,0,0,0.501895264
Forever 21,4,934,37601,Week4,4088217.28,0.0305566,26.43739212,0.3143,2299359.078,2598073.31,741351.7418,1490143.97,1788858.202,545357.6748,1340548.474,Future_Plan,0.703493921,2024-12-11,-298714.2318,-4.992607875,0.501895264
Forever 21,4,934,37601,Week5,4088217.28,0.0305566,27.22952191,0.3538,1683099.828,1984604.49,616259.2506,2103612.79,2405117.452,448454.8029,1789003.277,Future_Plan,0.703493921,2024-12-18,-301504.6624,-8.150478087,0.501895264
Forever 21,4,934,37601,Week6,4088217.28,0.0305566,28.42746291,0.4038,1170396.494,1216383.89,512703.3338,2871833.39,2917820.786,366954.7838,2155958.061,Future_Plan,0.703493921,2024-12-25,-45987.3962,-11.95253709,0.501895264
Forever 21,4,934,37601,Week7,4088217.28,0.0305566,30.23729885,0.434,749146.3038,690312.17,421250.19,3397905.11,3339070.976,293875.5112,2449833.572,Future_Plan,0.703493921,2025-01-01,58834.13375,-13.16270115,0.501895264
Forever 21,4,934,37601,Week8,4088217.28,0.0305566,32.96638528,0.4652,417040.3615,293947.02,332105.9423,3794270.26,3671176.919,222622.6178,2672456.19,Future_Plan,0.703493921,2025-01-08,123093.3415,-13.55361472,0.501895264
Forever 21,4,934,37601,Week9,4088217.28,0.0305566,51.18462527,0.4809,-0.000189891,135447.75,417040.3617,3952769.53,4088217.28,203579.8153,2876036.005,Future_Plan,0.703493921,2025-01-15,-135447.7502,3.094625269,0.501895264
Forever 21,5,934,37601,Week1,4088217.28,,20.88,0.2088,3834847.72,3834847.72,253369.56,253369.56,253369.56,200465.9959,200465.9959,History,0.686051642,2024-11-20,0,0,0.501895264
Forever 21,5,934,37601,Week2,4088217.28,,22.78,0.2278,3477213.43,3477213.43,357634.29,611003.85,611003.85,276165.1987,476631.1946,History,0.686051642,2024-11-27,0,0,0.501895264
Forever 21,5,934,37601,Week3,4088217.28,,27.02,0.2702,3040710.82,3040710.82,436502.61,1047506.46,1047506.46,318559.6048,795190.7994,History,0.686051642,2024-12-04,0,0,0.501895264
Forever 21,5,934,37601,Week4,4088217.28,,31.43,0.3143,2598073.31,2598073.31,442637.51,1490143.97,1490143.97,303516.5406,1098707.34,History,0.686051642,2024-12-11,0,0,0.501895264
Forever 21,5,934,37601,Week5,4088217.28,0.027715794,28.28957433,0.3538,1858683.917,1984604.49,739389.3933,2103612.79,2229533.363,530219.2813,1628926.621,Future_Plan,0.686051642,2024-12-18,-125920.5733,-7.090425667,0.501895264
Forever 21,5,934,37601,Week6,4088217.28,0.027715794,29.44646649,0.4038,1270121.223,1216383.89,588562.6937,2871833.39,2818096.057,415251.7773,2044178.399,Future_Plan,0.686051642,2024-12-25,53737.33303,-10.93353351,0.501895264
Forever 21,5,934,37601,Week7,4088217.28,0.027715794,31.13481568,0.434,808496.236,690312.17,461624.987,3397905.11,3279721.044,317898.8982,2362077.297,Future_Plan,0.686051642,2025-01-01,118184.066,-12.26518432,0.501895264
Forever 21,5,934,37601,Week8,4088217.28,0.027715794,33.59706979,0.4652,459474.17,293947.02,349022.066,3794270.26,3628743.11,231760.8789,2593838.176,Future_Plan,0.686051642,2025-01-08,165527.15,-12.92293021,0.501895264
Forever 21,5,934,37601,Week9,4088217.28,0.027715794,54.10188125,0.4809,0,135447.75,459474.17,3952769.53,4088217.28,210890.0001,2804728.176,Future_Plan,0.686051642,2025-01-15,-135447.75,6.011881255,0.501895264
Forever 21,6,934,37601,Week1,4088217.28,,20.88,0.2088,3834847.72,3834847.72,253369.56,253369.56,253369.56,200465.9959,200465.9959,History,0.676891687,2024-11-20,0,0,0.501895264
Forever 21,6,934,37601,Week2,4088217.28,,22.78,0.2278,3477213.43,3477213.43,357634.29,611003.85,611003.85,276165.1987,476631.1946,History,0.676891687,2024-11-27,0,0,0.501895264
Forever 21,6,934,37601,Week3,4088217.28,,27.02,0.2702,3040710.82,3040710.82,436502.61,1047506.46,1047506.46,318559.6048,795190.7994,History,0.676891687,2024-12-04,0,0,0.501895264
Forever 21,6,934,37601,Week4,4088217.28,,31.43,0.3143,2598073.31,2598073.31,442637.51,1490143.97,1490143.97,303516.5406,1098707.34,History,0.676891687,2024-12-11,0,0,0.501895264
Forever 21,6,934,37601,Week5,4088217.28,,35.38,0.3538,1984604.49,1984604.49,613468.82,2103612.79,2103612.79,396423.5515,1495130.891,History,0.676891687,2024-12-18,0,0,0.501895264
Forever 21,6,934,37601,Week6,4088217.28,0.029548166,29.32581334,0.4038,1342882.2,1216383.89,641722.2896,2871833.39,2745335.08,453532.0088,1948662.9,Future_Plan,0.676891687,2024-12-25,126498.3104,-11.05418666,0.501895264
Forever 21,6,934,37601,Week7,4088217.28,0.029548166,31.16961857,0.434,835499.3019,690312.17,507382.8985,3397905.11,3252717.978,349233.5844,2297896.485,Future_Plan,0.676891687,2025-01-01,145187.1319,-12.23038143,0.501895264
Forever 21,6,934,37601,Week8,4088217.28,0.029548166,33.93959428,0.4652,451437.8347,293947.02,384061.4671,3794270.26,3636779.445,253712.5634,2551609.048,Future_Plan,0.676891687,2025-01-08,157490.8147,-12.58040572,0.501895264
Forever 21,6,934,37601,Week9,4088217.28,0.029548166,52.22570454,0.4809,-0.000198769,135447.75,451437.8349,3952769.53,4088217.28,215671.2451,2767280.293,Future_Plan,0.676891687,2025-01-15,-135447.7502,4.135704542,0.501895264
Forever 21,7,934,37601,Week1,4088217.28,,20.88,0.2088,3834847.72,3834847.72,253369.56,253369.56,253369.56,200465.9959,200465.9959,History,0.661790153,2024-11-20,0,0,0.501895264
Forever 21,7,934,37601,Week2,4088217.28,,22.78,0.2278,3477213.43,3477213.43,357634.29,611003.85,611003.85,276165.1987,476631.1946,History,0.661790153,2024-11-27,0,0,0.501895264
Forever 21,7,934,37601,Week3,4088217.28,,27.02,0.2702,3040710.82,3040710.82,436502.61,1047506.46,1047506.46,318559.6048,795190.7994,History,0.661790153,2024-12-04,0,0,0.501895264
Forever 21,7,934,37601,Week4,4088217.28,,31.43,0.3143,2598073.31,2598073.31,442637.51,1490143.97,1490143.97,303516.5406,1098707.34,History,0.661790153,2024-12-11,0,0,0.501895264
Forever 21,7,934,37601,Week5,4088217.28,,35.38,0.3538,1984604.49,1984604.49,613468.82,2103612.79,2103612.79,396423.5515,1495130.891,History,0.661790153,2024-12-18,0,0,0.501895264
Forever 21,7,934,37601,Week6,4088217.28,,40.38,0.4038,1216383.89,1216383.89,768220.6,2871833.39,2871833.39,458013.1217,1953144.013,History,0.661790153,2024-12-25,0,0,0.501895264
Forever 21,7,934,37601,Week7,4088217.28,0.031544986,31.05020488,0.434,747034.5911,690312.17,469349.2989,3397905.11,3341182.689,323615.38,2276759.393,Future_Plan,0.661790153,2025-01-01,56722.42112,-12.34979512,0.501895264
Forever 21,7,934,37601,Week8,4088217.28,0.031544986,34.15847337,0.4652,385539.6879,293947.02,361494.9032,3794270.26,3702677.592,238013.763,2514773.156,Future_Plan,0.661790153,2025-01-08,91592.66791,-12.36152663,0.501895264
Forever 21,7,934,37601,Week9,4088217.28,0.031544986,50.5190289,0.4809,-0.000181226,135447.75,385539.6881,3952769.53,4088217.28,190768.7816,2705541.938,Future_Plan,0.661790153,2025-01-15,-135447.7502,2.4290289,0.501895264
Forever 21,8,934,37601,Week1,4088217.28,,20.88,0.2088,3834847.72,3834847.72,253369.56,253369.56,253369.56,200465.9959,200465.9959,History,0.648752337,2024-11-20,0,0,0.501895264
Forever 21,8,934,37601,Week2,4088217.28,,22.78,0.2278,3477213.43,3477213.43,357634.29,611003.85,611003.85,276165.1987,476631.1946,History,0.648752337,2024-11-27,0,0,0.501895264
Forever 21,8,934,37601,Week3,4088217.28,,27.02,0.2702,3040710.82,3040710.82,436502.61,1047506.46,1047506.46,318559.6048,795190.7994,History,0.648752337,2024-12-04,0,0,0.501895264
Forever 21,8,934,37601,Week4,4088217.28,,31.43,0.3143,2598073.31,2598073.31,442637.51,1490143.97,1490143.97,303516.5406,1098707.34,History,0.648752337,2024-12-11,0,0,0.501895264
Forever 21,8,934,37601,Week5,4088217.28,,35.38,0.3538,1984604.49,1984604.49,613468.82,2103612.79,2103612.79,396423.5515,1495130.891,History,0.648752337,2024-12-18,0,0,0.501895264
Forever 21,8,934,37601,Week6,4088217.28,,40.38,0.4038,1216383.89,1216383.89,768220.6,2871833.39,2871833.39,458013.1217,1953144.013,History,0.648752337,2024-12-25,0,0,0.501895264
Forever 21,8,934,37601,Week7,4088217.28,,43.4,0.434,690312.17,690312.17,526071.72,3397905.11,3397905.11,297756.5935,2250900.607,History,0.648752337,2025-01-01,0,0,0.501895264
Forever 21,8,934,37601,Week8,4088217.28,0.033023354,34.29069947,0.4652,345156.076,293947.02,345156.094,3794270.26,3743061.204,226799.6551,2477700.262,Future_Plan,0.648752337,2025-01-08,51209.05605,-12.22930053,0.501895264
Forever 21,8,934,37601,Week9,4088217.28,0.033023354,49.4314991,0.4809,-0.000169847,135447.75,345156.0762,3952769.53,4088217.28,174540.2535,2652240.515,Future_Plan,0.648752337,2025-01-15,-135447.7502,1.341499098,0.501895264
Forever 21,9,934,37601,Week1,4088217.28,,20.88,0.2088,3834847.72,3834847.72,253369.56,253369.56,253369.56,200465.9959,200465.9959,History,0.639026704,2024-11-20,0,0,0.501895264
Forever 21,9,934,37601,Week2,4088217.28,,22.78,0.2278,3477213.43,3477213.43,357634.29,611003.85,611003.85,276165.1987,476631.1946,History,0.639026704,2024-11-27,0,0,0.501895264
Forever 21,9,934,37601,Week3,4088217.28,,27.02,0.2702,3040710.82,3040710.82,436502.61,1047506.46,1047506.46,318559.6048,795190.7994,History,0.639026704,2024-12-04,0,0,0.501895264
Forever 21,9,934,37601,Week4,4088217.28,,31.43,0.3143,2598073.31,2598073.31,442637.51,1490143.97,1490143.97,303516.5406,1098707.34,History,0.639026704,2024-12-11,0,0,0.501895264
Forever 21,9,934,37601,Week5,4088217.28,,35.38,0.3538,1984604.49,1984604.49,613468.82,2103612.79,2103612.79,396423.5515,1495130.891,History,0.639026704,2024-12-18,0,0,0.501895264
Forever 21,9,934,37601,Week6,4088217.28,,40.38,0.4038,1216383.89,1216383.89,768220.6,2871833.39,2871833.39,458013.1217,1953144.013,History,0.639026704,2024-12-25,0,0,0.501895264
Forever 21,9,934,37601,Week7,4088217.28,,43.4,0.434,690312.17,690312.17,526071.72,3397905.11,3397905.11,297756.5935,2250900.607,History,0.639026704,2025-01-01,0,0,0.501895264
Forever 21,9,934,37601,Week8,4088217.28,,46.52,0.4652,293947.02,293947.02,396365.15,3794270.26,3794270.26,211976.0822,2462876.689,History,0.639026704,2025-01-08,0,0,0.501895264
Forever 21,9,934,37601,Week9,4088217.28,0.0335185,49.10534413,0.4809,-0.000146816,135447.75,293947.0201,3952769.53,4088217.28,149603.3243,2612480.013,Future_Plan,0.639026704,2025-01-15,-135447.7501,1.015344131,0.501895264
Forever 21,3,934,37602,Week1,1152414.3,,20.97,0.2097,1090683.46,1090683.46,61730.84,61730.84,61730.84,48785.88285,48785.88285,History,0.754503181,2024-11-20,0,0,0.412210756
Forever 21,3,934,37602,Week2,1152414.3,,21.8,0.218,1024376.44,1024376.44,66307.02,128037.86,128037.86,51852.08964,100637.9725,History,0.754503181,2024-11-27,0,0,0.412210756
Forever 21,3,934,37602,Week3,1152414.3,0.069322271,22.76265699,0.2579,842203.8054,960316.93,182172.6346,192097.37,310210.4946,140705.3026,241343.2751,Future_Plan,0.754503181,2024-12-04,-118113.1246,-3.027343007,0.412210756
Forever 21,3,934,37602,Week4,1152414.3,0.069322271,23.27987791,0.3074,662231.1558,872080.42,179972.6496,280333.88,490183.1442,138075.2365,379418.5116,Future_Plan,0.754503181,2024-12-11,-209849.2642,-7.460122094,0.412210756
Forever 21,3,934,37602,Week5,1152414.3,0.069322271,23.28000136,0.3392,521629.1284,779255.18,140602.0274,373159.12,630785.1716,107869.8735,487288.3852,Future_Plan,0.754503181,2024-12-18,-257626.0516,-10.63999864,0.412210756
Forever 21,3,934,37602,Week6,1152414.3,0.069322271,23.71640634,0.3667,394375.7948,685139.83,127253.3336,467274.47,758038.5052,97073.41593,584361.8011,Future_Plan,0.754503181,2024-12-25,-290764.0352,-12.95359366,0.412210756
Forever 21,3,934,37602,Week7,1152414.3,0.069322271,24.83077189,0.3964,267700.7089,571384.33,126675.0859,581029.97,884713.5911,95220.68425,679582.4854,Future_Plan,0.754503181,2025-01-01,-303683.6211,-14.80922811,0.412210756
Forever 21,3,934,37602,Week8,1152414.3,0.069322271,26.33602004,0.4246,153780.3436,473406.84,113920.3653,679007.46,998633.9564,83918.27505,763500.7604,Future_Plan,0.754503181,2025-01-08,-319626.4964,-16.12397996,0.412210756
Forever 21,3,934,37602,Week9,1152414.3,0.069322271,28.29685795,0.4691,67435.60811,336026.49,86344.73553,816387.81,1084978.692,61911.88837,825412.6488,Future_Plan,0.754503181,2025-01-15,-268590.8819,-18.61314205,0.412210756
Forever 21,3,934,37602,Week10,1152414.3,0.069322271,34.62266109,0.5107,-6.96598E-05,181535.87,67435.60818,970878.43,1152414.3,44087.60611,869500.2549,Future_Plan,0.754503181,2025-01-22,-181535.8701,-16.44733891,0.412210756
Forever 21,4,934,37602,Week1,1152414.3,,20.97,0.2097,1090683.46,1090683.46,61730.84,61730.84,61730.84,48785.88285,48785.88285,History,0.669208069,2024-11-20,0,0,0.412210756
Forever 21,4,934,37602,Week2,1152414.3,,21.8,0.218,1024376.44,1024376.44,66307.02,128037.86,128037.86,51852.08964,100637.9725,History,0.669208069,2024-11-27,0,0,0.412210756
Forever 21,4,934,37602,Week3,1152414.3,,25.79,0.2579,960316.93,960316.93,64059.51,192097.37,192097.37,47538.56237,148176.5349,History,0.669208069,2024-12-04,0,0,0.412210756
Forever 21,4,934,37602,Week4,1152414.3,0.020451345,26.55256918,0.3074,781593.9979,872080.42,178722.9321,280333.88,370820.3021,131267.4019,279443.9368,Future_Plan,0.669208069,2024-12-11,-90486.4221,-4.187430818,0.412210756
Forever 21,4,934,37602,Week5,1152414.3,0.020451345,29.0453813,0.3392,596286.1578,779255.18,185307.8401,373159.12,556128.1422,131484.4714,410928.4081,Future_Plan,0.669208069,2024-12-18,-182969.0222,-4.8746187,0.412210756
Forever 21,4,934,37602,Week6,1152414.3,0.020451345,31.27036783,0.3667,427779.5012,685139.83,168506.6566,467274.47,724634.7988,115814.0053,526742.4134,Future_Plan,0.669208069,2024-12-25,-257360.3288,-5.399632174,0.412210756
Forever 21,4,934,37602,Week7,1152414.3,0.020451345,33.40743767,0.3964,288195.238,571384.33,139584.2632,581029.97,864219.062,92952.73748,619695.1509,Future_Plan,0.669208069,2025-01-01,-283189.092,-6.232562331,0.412210756
Forever 21,4,934,37602,Week8,1152414.3,0.020451345,35.64037857,0.4246,180996.349,473406.84,107198.889,679007.46,971417.951,68992.79915,688687.95,Future_Plan,0.669208069,2025-01-08,-292410.491,-6.819621434,0.412210756
Forever 21,4,934,37602,Week9,1152414.3,0.020451345,38.17001227,0.4691,104308.0843,336026.49,76688.26469,816387.81,1048106.216,47416.34465,736104.2947,Future_Plan,0.669208069,2025-01-15,-231718.4057,-8.739987731,0.412210756
Forever 21,4,934,37602,Week10,1152414.3,0.020451345,66.34905785,0.5107,-3.17878E-05,181535.87,104308.0843,970878.43,1152414.3,35100.65312,771204.9478,Future_Plan,0.669208069,2025-01-22,-181535.87,15.27905785,0.412210756
Forever 21,5,934,37602,Week1,1152414.3,,20.97,0.2097,1090683.46,1090683.46,61730.84,61730.84,61730.84,48785.88285,48785.88285,History,0.63999107,2024-11-20,0,0,0.412210756
Forever 21,5,934,37602,Week2,1152414.3,,21.8,0.218,1024376.44,1024376.44,66307.02,128037.86,128037.86,51852.08964,100637.9725,History,0.63999107,2024-11-27,0,0,0.412210756
Forever 21,5,934,37602,Week3,1152414.3,,25.79,0.2579,960316.93,960316.93,64059.51,192097.37,192097.37,47538.56237,148176.5349,History,0.63999107,2024-12-04,0,0,0.412210756
Forever 21,5,934,37602,Week4,1152414.3,,30.74,0.3074,872080.42,872080.42,88236.51,280333.88,280333.88,61112.60683,209289.1417,History,0.63999107,2024-12-11,0,0,0.412210756
Forever 21,5,934,37602,Week5,1152414.3,0.017639531,28.66391945,0.3392,687747.332,779255.18,184333.088,373159.12,464666.968,131496.0001,340785.1418,Future_Plan,0.63999107,2024-12-18,-91507.84797,-5.256080553,0.412210756
Forever 21,5,934,37602,Week6,1152414.3,0.017639531,32.36994422,0.3667,497417.2456,685139.83,190330.0864,467274.47,654997.0544,128720.3436,469505.4854,Future_Plan,0.63999107,2024-12-25,-187722.5844,-4.30005578,0.412210756
Forever 21,5,934,37602,Week7,1152414.3,0.017639531,35.53494156,0.3964,331989.5653,571384.33,165427.6804,581029.97,820424.7347,106643.0508,576148.5362,Future_Plan,0.63999107,2025-01-01,-239394.7647,-4.105058445,0.412210756
Forever 21,5,934,37602,Week8,1152414.3,0.017639531,38.41142994,0.4246,204733.5901,473406.84,127255.9752,679007.46,947680.7099,78375.13541,654523.6717,Future_Plan,0.63999107,2025-01-08,-268673.2499,-4.048570056,0.412210756
Forever 21,5,934,37602,Week9,1152414.3,0.017639531,41.22566394,0.4691,116093.1697,336026.49,88640.42039,816387.81,1036321.13,52097.81857,706621.4902,Future_Plan,0.63999107,2025-01-15,-219933.3203,-5.684336064,0.412210756
Forever 21,5,934,37602,Week10,1152414.3,0.017639531,73.37192954,0.5107,-0.000030515,181535.87,116093.1697,970878.43,1152414.3,30913.37103,737534.8613,Future_Plan,0.63999107,2025-01-22,-181535.87,22.30192954,0.412210756
Forever 21,6,934,37602,Week1,1152414.3,,20.97,0.2097,1090683.46,1090683.46,61730.84,61730.84,61730.84,48785.88285,48785.88285,History,0.633180474,2024-11-20,0,0,0.412210756
Forever 21,6,934,37602,Week2,1152414.3,,21.8,0.218,1024376.44,1024376.44,66307.02,128037.86,128037.86,51852.08964,100637.9725,History,0.633180474,2024-11-27,0,0,0.412210756
Forever 21,6,934,37602,Week3,1152414.3,,25.79,0.2579,960316.93,960316.93,64059.51,192097.37,192097.37,47538.56237,148176.5349,History,0.633180474,2024-12-04,0,0,0.412210756
Forever 21,6,934,37602,Week4,1152414.3,,30.74,0.3074,872080.42,872080.42,88236.51,280333.88,280333.88,61112.60683,209289.1417,History,0.633180474,2024-12-11,0,0,0.412210756
Forever 21,6,934,37602,Week5,1152414.3,,33.92,0.3392,779255.18,779255.18,92825.24,373159.12,373159.12,61338.91859,270628.0603,History,0.633180474,2024-12-18,0,0,0.412210756
Forever 21,6,934,37602,Week6,1152414.3,0.018777328,30.26790765,0.3667,586208.3301,685139.83,193046.8499,467274.47,566205.9699,134615.6076,405243.6679,Future_Plan,0.633180474,2024-12-25,-98931.49986,-6.402092353,0.412210756
Forever 21,6,934,37602,Week7,1152414.3,0.018777328,34.3888751,0.3964,395624.2179,571384.33,190584.1122,581029.97,756790.0821,125044.3799,530288.0478,Future_Plan,0.633180474,2025-01-01,-175760.1121,-5.251124902,0.412210756
Forever 21,6,934,37602,Week8,1152414.3,0.018777328,38.0329038,0.4246,239930.8956,473406.84,155693.3223,679007.46,912483.4044,96478.63082,626766.6786,Future_Plan,0.633180474,2025-01-08,-233475.9444,-4.427096198,0.412210756
Forever 21,6,934,37602,Week9,1152414.3,0.018777328,41.53799365,0.4691,129717.5293,336026.49,110213.3663,816387.81,1022696.771,64432.94521,691199.6239,Future_Plan,0.633180474,2025-01-15,-206308.9607,-5.372006347,0.412210756
Forever 21,6,934,37602,Week10,1152414.3,0.018777328,70.33044864,0.5107,-3.62955E-05,181535.87,129717.5293,970878.43,1152414.3,38486.60898,729686.2328,Future_Plan,0.633180474,2025-01-22,-181535.87,19.26044864,0.412210756
Forever 21,7,934,37602,Week1,1152414.3,,20.97,0.2097,1090683.46,1090683.46,61730.84,61730.84,61730.84,48785.88285,48785.88285,History,0.62487005,2024-11-20,0,0,0.412210756
Forever 21,7,934,37602,Week2,1152414.3,,21.8,0.218,1024376.44,1024376.44,66307.02,128037.86,128037.86,51852.08964,100637.9725,History,0.62487005,2024-11-27,0,0,0.412210756
Forever 21,7,934,37602,Week3,1152414.3,,25.79,0.2579,960316.93,960316.93,64059.51,192097.37,192097.37,47538.56237,148176.5349,History,0.62487005,2024-12-04,0,0,0.412210756
Forever 21,7,934,37602,Week4,1152414.3,,30.74,0.3074,872080.42,872080.42,88236.51,280333.88,280333.88,61112.60683,209289.1417,History,0.62487005,2024-12-11,0,0,0.412210756
Forever 21,7,934,37602,Week5,1152414.3,,33.92,0.3392,779255.18,779255.18,92825.24,373159.12,373159.12,61338.91859,270628.0603,History,0.62487005,2024-12-18,0,0,0.412210756
Forever 21,7,934,37602,Week6,1152414.3,,36.67,0.3667,685139.83,685139.83,94115.35,467274.47,467274.47,59603.25116,330231.3114,History,0.62487005,2024-12-25,0,0,0.412210756
Forever 21,7,934,37602,Week7,1152414.3,0.0202713,32.34327712,0.3964,480300.0414,571384.33,204839.7886,581029.97,672114.2586,138587.8881,468819.1996,Future_Plan,0.62487005,2025-01-01,-91084.2886,-7.296722881,0.412210756
Forever 21,7,934,37602,Week8,1152414.3,0.0202713,37.01058062,0.4246,291259.9649,473406.84,189040.0765,679007.46,861154.3351,119075.2466,587894.4461,Future_Plan,0.62487005,2025-01-08,-182146.8751,-5.44941938,0.412210756
Forever 21,7,934,37602,Week9,1152414.3,0.0202713,41.45212869,0.4691,150399.8247,336026.49,140860.1402,816387.81,1002014.475,82470.61362,670365.0597,Future_Plan,0.62487005,2025-01-15,-185626.6653,-5.45787131,0.412210756
Forever 21,7,934,37602,Week10,1152414.3,0.0202713,66.92541273,0.5107,-4.54306E-05,181535.87,150399.8248,970878.43,1152414.3,49744.12129,720109.181,Future_Plan,0.62487005,2025-01-22,-181535.87,15.85541273,0.412210756
Forever 21,8,934,37602,Week1,1152414.3,,20.97,0.2097,1090683.46,1090683.46,61730.84,61730.84,61730.84,48785.88285,48785.88285,History,0.613965964,2024-11-20,0,0,0.412210756
Forever 21,8,934,37602,Week2,1152414.3,,21.8,0.218,1024376.44,1024376.44,66307.02,128037.86,128037.86,51852.08964,100637.9725,History,0.613965964,2024-11-27,0,0,0.412210756
Forever 21,8,934,37602,Week3,1152414.3,,25.79,0.2579,960316.93,960316.93,64059.51,192097.37,192097.37,47538.56237,148176.5349,History,0.613965964,2024-12-04,0,0,0.412210756
Forever 21,8,934,37602,Week4,1152414.3,,30.74,0.3074,872080.42,872080.42,88236.51,280333.88,280333.88,61112.60683,209289.1417,History,0.613965964,2024-12-11,0,0,0.412210756
Forever 21,8,934,37602,Week5,1152414.3,,33.92,0.3392,779255.18,779255.18,92825.24,373159.12,373159.12,61338.91859,270628.0603,History,0.613965964,2024-12-18,0,0,0.412210756
Forever 21,8,934,37602,Week6,1152414.3,,36.67,0.3667,685139.83,685139.83,94115.35,467274.47,467274.47,59603.25116,330231.3114,History,0.613965964,2024-12-25,0,0,0.412210756
Forever 21,8,934,37602,Week7,1152414.3,,39.64,0.3964,571384.33,571384.33,113755.5,581029.97,581029.97,68662.8198,398894.1312,History,0.613965964,2025-01-01,0,0,0.412210756
Forever 21,8,934,37602,Week8,1152414.3,0.022010411,36.60042486,0.4246,339942.9213,473406.84,231441.4087,679007.46,812471.3787,146732.8698,545627.001,Future_Plan,0.613965964,2025-01-08,-133463.9187,-5.859575137,0.412210756
Forever 21,8,934,37602,Week9,1152414.3,0.022010411,38.81239558,0.4691,185697.1488,336026.49,154245.7726,816387.81,966717.1512,94379.29315,640006.2942,Future_Plan,0.613965964,2025-01-15,-150329.3412,-8.097604423,0.412210756
Forever 21,8,934,37602,Week10,1152414.3,0.022010411,63.63064129,0.5107,-6.09051E-05,181535.87,185697.1488,970878.43,1152414.3,67536.86218,707543.1564,Future_Plan,0.613965964,2025-01-22,-181535.8701,12.56064129,0.412210756
Forever 21,9,934,37602,Week1,1152414.3,,20.97,0.2097,1090683.46,1090683.46,61730.84,61730.84,61730.84,48785.88285,48785.88285,History,0.597174277,2024-11-20,0,0,0.412210756
Forever 21,9,934,37602,Week2,1152414.3,,21.8,0.218,1024376.44,1024376.44,66307.02,128037.86,128037.86,51852.08964,100637.9725,History,0.597174277,2024-11-27,0,0,0.412210756
Forever 21,9,934,37602,Week3,1152414.3,,25.79,0.2579,960316.93,960316.93,64059.51,192097.37,192097.37,47538.56237,148176.5349,History,0.597174277,2024-12-04,0,0,0.412210756
Forever 21,9,934,37602,Week4,1152414.3,,30.74,0.3074,872080.42,872080.42,88236.51,280333.88,280333.88,61112.60683,209289.1417,History,0.597174277,2024-12-11,0,0,0.412210756
Forever 21,9,934,37602,Week5,1152414.3,,33.92,0.3392,779255.18,779255.18,92825.24,373159.12,373159.12,61338.91859,270628.0603,History,0.597174277,2024-12-18,0,0,0.412210756
Forever 21,9,934,37602,Week6,1152414.3,,36.67,0.3667,685139.83,685139.83,94115.35,467274.47,467274.47,59603.25116,330231.3114,History,0.597174277,2024-12-25,0,0,0.412210756
Forever 21,9,934,37602,Week7,1152414.3,,39.64,0.3964,571384.33,571384.33,113755.5,581029.97,581029.97,68662.8198,398894.1312,History,0.597174277,2025-01-01,0,0,0.412210756
Forever 21,9,934,37602,Week8,1152414.3,,42.46,0.4246,473406.84,473406.84,97977.49,679007.46,679007.46,56376.24775,455270.379,History,0.597174277,2025-01-08,0,0,0.412210756
Forever 21,9,934,37602,Week9,1152414.3,0.023333543,40.08461414,0.4691,236703.4931,336026.49,236703.3469,816387.81,915710.8069,141821.7236,597092.1026,Future_Plan,0.597174277,2025-01-15,-99322.99691,-6.825385858,0.412210756
Forever 21,9,934,37602,Week10,1152414.3,0.023333543,61.51299977,0.5107,-8.23011E-05,181535.87,236703.4932,970878.43,1152414.3,91100.07397,688192.1766,Future_Plan,0.597174277,2025-01-22,-181535.8701,10.44299977,0.412210756
Forever 21,10,934,37602,Week1,1152414.3,,20.97,0.2097,1090683.46,1090683.46,61730.84,61730.84,61730.84,48785.88285,48785.88285,History,0.574639805,2024-11-20,0,0,0.412210756
Forever 21,10,934,37602,Week2,1152414.3,,21.8,0.218,1024376.44,1024376.44,66307.02,128037.86,128037.86,51852.08964,100637.9725,History,0.574639805,2024-11-27,0,0,0.412210756
Forever 21,10,934,37602,Week3,1152414.3,,25.79,0.2579,960316.93,960316.93,64059.51,192097.37,192097.37,47538.56237,148176.5349,History,0.574639805,2024-12-04,0,0,0.412210756
Forever 21,10,934,37602,Week4,1152414.3,,30.74,0.3074,872080.42,872080.42,88236.51,280333.88,280333.88,61112.60683,209289.1417,History,0.574639805,2024-12-11,0,0,0.412210756
Forever 21,10,934,37602,Week5,1152414.3,,33.92,0.3392,779255.18,779255.18,92825.24,373159.12,373159.12,61338.91859,270628.0603,History,0.574639805,2024-12-18,0,0,0.412210756
Forever 21,10,934,37602,Week6,1152414.3,,36.67,0.3667,685139.83,685139.83,94115.35,467274.47,467274.47,59603.25116,330231.3114,History,0.574639805,2024-12-25,0,0,0.412210756
Forever 21,10,934,37602,Week7,1152414.3,,39.64,0.3964,571384.33,571384.33,113755.5,581029.97,581029.97,68662.8198,398894.1312,History,0.574639805,2025-01-01,0,0,0.412210756
Forever 21,10,934,37602,Week8,1152414.3,,42.46,0.4246,473406.84,473406.84,97977.49,679007.46,679007.46,56376.24775,455270.379,History,0.574639805,2025-01-08,0,0,0.412210756
Forever 21,10,934,37602,Week9,1152414.3,,46.91,0.4691,336026.49,336026.49,137380.35,816387.81,816387.81,72935.22782,528205.6068,History,0.574639805,2025-01-15,0,0,0.412210756
Forever 21,10,934,37602,Week10,1152414.3,0.024341222,60.11697734,0.5107,-0.000121881,181535.87,336026.4901,970878.43,1152414.3,134017.5212,662223.128,Future_Plan,0.574639805,2025-01-22,-181535.8701,9.046977337,0.412210756
Forever 21,3,934,37603,Week1,822221.88,,21.62,0.2162,787979.96,787979.96,34241.92,34241.92,34241.92,26838.8169,26838.8169,History,0.677706192,2024-11-20,0,0,0.488849664
Forever 21,3,934,37603,Week2,822221.88,,23.68,0.2368,745656.62,745656.62,42323.34,76565.26,76565.26,32301.17309,59139.98998,History,0.677706192,2024-11-27,0,0,0.488849664
Forever 21,3,934,37603,Week3,822221.88,0.02498755,28.38937485,0.2879,588475.4175,679736.91,157181.2025,142484.97,233746.4625,112558.4417,171698.4317,Future_Plan,0.677706192,2024-12-04,-91261.49253,-0.400625149,0.488849664
Forever 21,3,934,37603,Week4,822221.88,0.02498755,28.78789331,0.3442,458567.2969,601854.21,129908.1206,220367.67,363654.5831,92510.30945,264208.7412,Future_Plan,0.677706192,2024-12-11,-143286.9131,-5.632106687,0.488849664
Forever 21,3,934,37603,Week5,822221.88,0.02498755,29.36477409,0.3736,350726.7003,509043.11,107840.5965,313178.77,471495.1797,76173.44899,340382.1902,Future_Plan,0.677706192,2024-12-18,-158316.4097,-7.995225909,0.488849664
Forever 21,3,934,37603,Week6,822221.88,0.02498755,30.20004049,0.3967,260926.7096,397022.19,89799.99072,425199.69,561295.1704,62680.35716,403062.5473,Future_Plan,0.677706192,2024-12-25,-136095.4804,-9.469959508,0.488849664
Forever 21,3,934,37603,Week7,822221.88,0.02498755,31.40847542,0.4183,186240.1914,294431.14,74686.51819,527790.74,635981.6886,51228.62148,454291.1688,Future_Plan,0.677706192,2025-01-01,-108190.9486,-10.42152458,0.488849664
Forever 21,3,934,37603,Week8,822221.88,0.02498755,33.15427103,0.4411,124807.2301,205068.58,61432.96131,617153.3,697414.6499,41065.31082,495356.4796,Future_Plan,0.677706192,2025-01-08,-80261.34991,-10.95572897,0.488849664
Forever 21,3,934,37603,Week9,822221.88,0.02498755,35.67012624,0.4712,75792.45626,104108,49014.77384,718113.88,746429.4237,31531.14213,526887.6218,Future_Plan,0.677706192,2025-01-15,-28315.54374,-11.44987376,0.488849664
Forever 21,3,934,37603,Week10,822221.88,0.02498755,59.97327546,0.4924,-2.82208E-05,30396.94,75792.45628,791824.94,822221.88,30337.2377,557224.8595,Future_Plan,0.677706192,2025-01-22,-30396.94003,10.73327546,0.488849664
Forever 21,4,934,37603,Week1,822221.88,,21.62,0.2162,787979.96,787979.96,34241.92,34241.92,34241.92,26838.8169,26838.8169,History,0.631677132,2024-11-20,0,0,0.488849664
Forever 21,4,934,37603,Week2,822221.88,,23.68,0.2368,745656.62,745656.62,42323.34,76565.26,76565.26,32301.17309,59139.98998,History,0.631677132,2024-11-27,0,0,0.488849664
Forever 21,4,934,37603,Week3,822221.88,,28.79,0.2879,679736.91,679736.91,65919.71,142484.97,142484.97,46941.42549,106081.4155,History,0.631677132,2024-12-04,0,0,0.488849664
Forever 21,4,934,37603,Week4,822221.88,0.017851594,29.33399939,0.3442,553666.2193,601854.21,126070.6907,220367.67,268555.6607,89089.11503,195170.5305,Future_Plan,0.631677132,2024-12-11,-48187.99066,-5.086000609,0.488849664
Forever 21,4,934,37603,Week5,822221.88,0.017851594,32.25929518,0.3736,422064.7275,509043.11,131601.4918,313178.77,400157.1525,89147.7781,284318.3086,Future_Plan,0.631677132,2024-12-18,-86978.38246,-5.100704817,0.488849664
Forever 21,4,934,37603,Week6,822221.88,0.017851594,34.83863218,0.3967,302309.6417,397022.19,119755.0858,425199.69,519912.2383,78034.05196,362352.3606,Future_Plan,0.631677132,2024-12-25,-94712.5483,-4.831367816,0.488849664
Forever 21,4,934,37603,Week7,822221.88,0.017851594,37.27252107,0.4183,203398.431,294431.14,98911.2107,527790.74,618823.449,62044.50885,424396.8694,Future_Plan,0.631677132,2025-01-01,-91032.70901,-4.557478927,0.488849664
Forever 21,4,934,37603,Week8,822221.88,0.017851594,39.75883038,0.4411,127821.7398,205068.58,75576.69121,617153.3,694400.1402,45528.28275,469925.1522,Future_Plan,0.631677132,2025-01-08,-77246.84022,-4.351169622,0.488849664
Forever 21,4,934,37603,Week9,822221.88,0.017851594,42.50651695,0.4712,74057.32477,104108,53764.41501,718113.88,748164.5552,30911.03483,500836.187,Future_Plan,0.631677132,2025-01-15,-30050.67523,-4.613483052,0.488849664
Forever 21,4,934,37603,Week10,822221.88,0.017851594,74.96186607,0.4924,-1.96999E-05,30396.94,74057.32479,791824.94,822221.88,18542.57217,519378.7592,Future_Plan,0.631677132,2025-01-22,-30396.94002,25.72186607,0.488849664
Forever 21,5,934,37603,Week1,822221.88,,21.62,0.2162,787979.96,787979.96,34241.92,34241.92,34241.92,26838.8169,26838.8169,History,0.615450907,2024-11-20,0,0,0.488849664
Forever 21,5,934,37603,Week2,822221.88,,23.68,0.2368,745656.62,745656.62,42323.34,76565.26,76565.26,32301.17309,59139.98998,History,0.615450907,2024-11-27,0,0,0.488849664
Forever 21,5,934,37603,Week3,822221.88,,28.79,0.2879,679736.91,679736.91,65919.71,142484.97,142484.97,46941.42549,106081.4155,History,0.615450907,2024-12-04,0,0,0.488849664
Forever 21,5,934,37603,Week4,822221.88,,34.42,0.3442,601854.21,601854.21,77882.7,220367.67,220367.67,51075.47466,157156.8901,History,0.615450907,2024-12-11,0,0,0.488849664
Forever 21,5,934,37603,Week5,822221.88,0.017238833,31.07886985,0.3736,474179.7146,509043.11,127674.4954,313178.77,348042.1654,87994.70514,245151.5953,Future_Plan,0.615450907,2024-12-18,-34863.39539,-6.281130152,0.488849664
Forever 21,5,934,37603,Week6,822221.88,0.017238833,34.73376938,0.3967,343713.2174,397022.19,130466.4972,425199.69,478508.6626,85150.56495,330302.1602,Future_Plan,0.615450907,2024-12-25,-53308.9726,-4.936230618,0.488849664
Forever 21,5,934,37603,Week7,822221.88,0.017238833,37.95579485,0.4183,230052.2694,294431.14,113660.948,527790.74,592169.6106,70520.03178,400822.192,Future_Plan,0.615450907,2025-01-01,-64378.87064,-3.874205151,0.488849664
Forever 21,5,934,37603,Week8,822221.88,0.017238833,41.01439019,0.4411,141847.4619,205068.58,88204.8075,617153.3,680374.4181,52028.14359,452850.3356,Future_Plan,0.615450907,2025-01-08,-63221.11814,-3.095609815,0.488849664
Forever 21,5,934,37603,Week9,822221.88,0.017238833,44.1683704,0.4712,79749.05901,104108,62098.40284,718113.88,742472.821,34670.55026,487520.8859,Future_Plan,0.615450907,2025-01-15,-24358.94099,-2.951629597,0.488849664
Forever 21,5,934,37603,Week10,822221.88,0.017238833,76.78177476,0.4924,-2.04858E-05,30396.94,79749.05903,791824.94,822221.88,18516.31615,506037.202,Future_Plan,0.615450907,2025-01-22,-30396.94002,27.54177476,0.488849664
Forever 21,6,934,37603,Week1,822221.88,,21.62,0.2162,787979.96,787979.96,34241.92,34241.92,34241.92,26838.8169,26838.8169,History,0.619943354,2024-11-20,0,0,0.488849664
Forever 21,6,934,37603,Week2,822221.88,,23.68,0.2368,745656.62,745656.62,42323.34,76565.26,76565.26,32301.17309,59139.98998,History,0.619943354,2024-11-27,0,0,0.488849664
Forever 21,6,934,37603,Week3,822221.88,,28.79,0.2879,679736.91,679736.91,65919.71,142484.97,142484.97,46941.42549,106081.4155,History,0.619943354,2024-12-04,0,0,0.488849664
Forever 21,6,934,37603,Week4,822221.88,,34.42,0.3442,601854.21,601854.21,77882.7,220367.67,220367.67,51075.47466,157156.8901,History,0.619943354,2024-12-11,0,0,0.488849664
Forever 21,6,934,37603,Week5,822221.88,,37.36,0.3736,509043.11,509043.11,92811.1,313178.77,313178.77,58136.87304,215293.7632,History,0.619943354,2024-12-18,0,0,0.488849664
Forever 21,6,934,37603,Week6,822221.88,0.019960157,32.08201974,0.3967,382068.5267,397022.19,126974.5833,425199.69,440153.3533,86238.57241,301532.3356,Future_Plan,0.619943354,2024-12-25,-14953.66329,-7.587980256,0.488849664
Forever 21,6,934,37603,Week7,822221.88,0.019960157,35.65996518,0.4183,259480.2614,294431.14,122588.2653,527790.74,562741.6186,78873.3326,380405.6682,Future_Plan,0.619943354,2025-01-01,-34950.87862,-6.170034824,0.488849664
Forever 21,6,934,37603,Week8,822221.88,0.019960157,39.167802,0.4411,158056.9251,205068.58,101423.3363,617153.3,664164.9549,61698.04476,442103.713,Future_Plan,0.619943354,2025-01-08,-47011.65494,-4.942197998,0.488849664
Forever 21,6,934,37603,Week9,822221.88,0.019960157,43.00177831,0.4712,84181.45458,104108,73875.47049,718113.88,738040.4254,42107.70444,484211.4174,Future_Plan,0.619943354,2025-01-15,-19926.54542,-4.118221686,0.488849664
Forever 21,6,934,37603,Week10,822221.88,0.019960157,69.68504214,0.4924,-0.000025038,30396.94,84181.4546,791824.94,822221.88,25519.57249,509730.9899,Future_Plan,0.619943354,2025-01-22,-30396.94003,20.44504214,0.488849664
Forever 21,7,934,37603,Week1,822221.88,,21.62,0.2162,787979.96,787979.96,34241.92,34241.92,34241.92,26838.8169,26838.8169,History,0.621948107,2024-11-20,0,0,0.488849664
Forever 21,7,934,37603,Week2,822221.88,,23.68,0.2368,745656.62,745656.62,42323.34,76565.26,76565.26,32301.17309,59139.98998,History,0.621948107,2024-11-27,0,0,0.488849664
Forever 21,7,934,37603,Week3,822221.88,,28.79,0.2879,679736.91,679736.91,65919.71,142484.97,142484.97,46941.42549,106081.4155,History,0.621948107,2024-12-04,0,0,0.488849664
Forever 21,7,934,37603,Week4,822221.88,,34.42,0.3442,601854.21,601854.21,77882.7,220367.67,220367.67,51075.47466,157156.8901,History,0.621948107,2024-12-11,0,0,0.488849664
Forever 21,7,934,37603,Week5,822221.88,,37.36,0.3736,509043.11,509043.11,92811.1,313178.77,313178.77,58136.87304,215293.7632,History,0.621948107,2024-12-18,0,0,0.488849664
Forever 21,7,934,37603,Week6,822221.88,,39.67,0.3967,397022.19,397022.19,112020.92,425199.69,425199.69,67582.22104,282875.9842,History,0.621948107,2024-12-25,0,0,0.488849664
Forever 21,7,934,37603,Week7,822221.88,0.023674437,34.51993432,0.4183,265674.9262,294431.14,131347.2638,527790.74,556546.9538,86006.2746,368882.2588,Future_Plan,0.621948107,2025-01-01,-28756.21379,-7.310065682,0.488849664
Forever 21,7,934,37603,Week8,822221.88,0.023674437,36.49178646,0.4411,165379.0475,205068.58,100295.8787,617153.3,656842.8325,63696.12081,432578.3796,Future_Plan,0.621948107,2025-01-08,-39689.53248,-7.61821354,0.488849664
Forever 21,7,934,37603,Week9,822221.88,0.023674437,39.36026243,0.4712,91715.4027,104108,73663.64481,718113.88,730506.4773,44669.4409,477247.8205,Future_Plan,0.621948107,2025-01-15,-12392.5973,-7.759737566,0.488849664
Forever 21,7,934,37603,Week10,822221.88,0.023674437,62.78539936,0.4924,-0.000032355,30396.94,91715.40274,791824.94,822221.88,34131.52085,511379.3414,Future_Plan,0.621948107,2025-01-22,-30396.94003,13.54539936,0.488849664
Forever 21,8,934,37603,Week1,822221.88,,21.62,0.2162,787979.96,787979.96,34241.92,34241.92,34241.92,26838.8169,26838.8169,History,0.617787647,2024-11-20,0,0,0.488849664
Forever 21,8,934,37603,Week2,822221.88,,23.68,0.2368,745656.62,745656.62,42323.34,76565.26,76565.26,32301.17309,59139.98998,History,0.617787647,2024-11-27,0,0,0.488849664
Forever 21,8,934,37603,Week3,822221.88,,28.79,0.2879,679736.91,679736.91,65919.71,142484.97,142484.97,46941.42549,106081.4155,History,0.617787647,2024-12-04,0,0,0.488849664
Forever 21,8,934,37603,Week4,822221.88,,34.42,0.3442,601854.21,601854.21,77882.7,220367.67,220367.67,51075.47466,157156.8901,History,0.617787647,2024-12-11,0,0,0.488849664
Forever 21,8,934,37603,Week5,822221.88,,37.36,0.3736,509043.11,509043.11,92811.1,313178.77,313178.77,58136.87304,215293.7632,History,0.617787647,2024-12-18,0,0,0.488849664
Forever 21,8,934,37603,Week6,822221.88,,39.67,0.3967,397022.19,397022.19,112020.92,425199.69,425199.69,67582.22104,282875.9842,History,0.617787647,2024-12-25,0,0,0.488849664
Forever 21,8,934,37603,Week7,822221.88,,41.83,0.4183,294431.14,294431.14,102591.05,527790.74,527790.74,59677.21379,342553.198,History,0.617787647,2025-01-01,0,0,0.488849664
Forever 21,8,934,37603,Week8,822221.88,0.02710875,35.60543617,0.4411,180493.661,205068.58,113937.479,617153.3,641728.219,73369.54265,415922.7406,Future_Plan,0.617787647,2025-01-08,-24574.91902,-8.504563826,0.488849664
Forever 21,8,934,37603,Week9,822221.88,0.02710875,39.10978973,0.4712,93500.48055,104108,86993.18042,718113.88,728721.3994,52970.33048,468893.0711,Future_Plan,0.617787647,2025-01-15,-10607.51945,-8.01021027,0.488849664
Forever 21,8,934,37603,Week10,822221.88,0.02710875,58.21898513,0.4924,-3.77697E-05,30396.94,93500.48059,791824.94,822221.88,39065.4497,507958.5208,Future_Plan,0.617787647,2025-01-22,-30396.94004,8.97898513,0.488849664
Forever 21,9,934,37603,Week1,822221.88,,21.62,0.2162,787979.96,787979.96,34241.92,34241.92,34241.92,26838.8169,26838.8169,History,0.609407428,2024-11-20,0,0,0.488849664
Forever 21,9,934,37603,Week2,822221.88,,23.68,0.2368,745656.62,745656.62,42323.34,76565.26,76565.26,32301.17309,59139.98998,History,0.609407428,2024-11-27,0,0,0.488849664
Forever 21,9,934,37603,Week3,822221.88,,28.79,0.2879,679736.91,679736.91,65919.71,142484.97,142484.97,46941.42549,106081.4155,History,0.609407428,2024-12-04,0,0,0.488849664
Forever 21,9,934,37603,Week4,822221.88,,34.42,0.3442,601854.21,601854.21,77882.7,220367.67,220367.67,51075.47466,157156.8901,History,0.609407428,2024-12-11,0,0,0.488849664
Forever 21,9,934,37603,Week5,822221.88,,37.36,0.3736,509043.11,509043.11,92811.1,313178.77,313178.77,58136.87304,215293.7632,History,0.609407428,2024-12-18,0,0,0.488849664
Forever 21,9,934,37603,Week6,822221.88,,39.67,0.3967,397022.19,397022.19,112020.92,425199.69,425199.69,67582.22104,282875.9842,History,0.609407428,2024-12-25,0,0,0.488849664
Forever 21,9,934,37603,Week7,822221.88,,41.83,0.4183,294431.14,294431.14,102591.05,527790.74,527790.74,59677.21379,342553.198,History,0.609407428,2025-01-01,0,0,0.488849664
Forever 21,9,934,37603,Week8,822221.88,,44.11,0.4411,205068.58,205068.58,89362.56,617153.3,617153.3,49944.73478,392497.9328,History,0.609407428,2025-01-08,0,0,0.488849664
Forever 21,9,934,37603,Week9,822221.88,0.029849524,38.68129191,0.4712,102534.3476,104108,102534.2324,718113.88,719687.5324,62872.66663,455370.5994,Future_Plan,0.609407428,2025-01-15,-1573.652358,-8.43870809,0.488849664
Forever 21,9,934,37603,Week10,822221.88,0.029849524,55.43198712,0.4924,-4.56065E-05,30396.94,102534.3477,791824.94,822221.88,45697.52128,501068.1207,Future_Plan,0.609407428,2025-01-22,-30396.94005,6.191987125,0.488849664
Forever 21,10,934,37603,Week1,822221.88,,21.62,0.2162,787979.96,787979.96,34241.92,34241.92,34241.92,26838.8169,26838.8169,History,0.6009961,2024-11-20,0,0,0.488849664
Forever 21,10,934,37603,Week2,822221.88,,23.68,0.2368,745656.62,745656.62,42323.34,76565.26,76565.26,32301.17309,59139.98998,History,0.6009961,2024-11-27,0,0,0.488849664
Forever 21,10,934,37603,Week3,822221.88,,28.79,0.2879,679736.91,679736.91,65919.71,142484.97,142484.97,46941.42549,106081.4155,History,0.6009961,2024-12-04,0,0,0.488849664
Forever 21,10,934,37603,Week4,822221.88,,34.42,0.3442,601854.21,601854.21,77882.7,220367.67,220367.67,51075.47466,157156.8901,History,0.6009961,2024-12-11,0,0,0.488849664
Forever 21,10,934,37603,Week5,822221.88,,37.36,0.3736,509043.11,509043.11,92811.1,313178.77,313178.77,58136.87304,215293.7632,History,0.6009961,2024-12-18,0,0,0.488849664
Forever 21,10,934,37603,Week6,822221.88,,39.67,0.3967,397022.19,397022.19,112020.92,425199.69,425199.69,67582.22104,282875.9842,History,0.6009961,2024-12-25,0,0,0.488849664
Forever 21,10,934,37603,Week7,822221.88,,41.83,0.4183,294431.14,294431.14,102591.05,527790.74,527790.74,59677.21379,342553.198,History,0.6009961,2025-01-01,0,0,0.488849664
Forever 21,10,934,37603,Week8,822221.88,,44.11,0.4411,205068.58,205068.58,89362.56,617153.3,617153.3,49944.73478,392497.9328,History,0.6009961,2025-01-08,0,0,0.488849664
Forever 21,10,934,37603,Week9,822221.88,,47.12,0.4712,104108,104108,100960.58,718113.88,718113.88,53387.9547,445885.8875,History,0.6009961,2025-01-15,0,0,0.488849664
Forever 21,10,934,37603,Week10,822221.88,0.032045027,53.63828339,0.4924,-4.97124E-05,30396.94,104108,791824.94,822221.88,48266.25595,494152.1434,Future_Plan,0.6009961,2025-01-22,-30396.94005,4.398283389,0.488849664
JCPenny,3,934,37605,Week1,2237526.79,,22,0.22,2122074.02,2122074.02,115452.77,115452.77,115452.77,90053.1606,90053.1606,History,0.72247928,2024-11-20,0,0,0.405047544
JCPenny,3,934,37605,Week2,2237526.79,,23.41,0.2341,1985392.36,1985392.36,136681.66,252134.43,252134.43,104684.4834,194737.644,History,0.72247928,2024-11-27,0,0,0.405047544
JCPenny,3,934,37605,Week3,2237526.79,0.043323436,24.89882021,0.2681,1633610.147,1864945.46,351782.2133,372581.33,603916.6433,264192.5925,458930.2365,Future_Plan,0.72247928,2024-12-04,-231335.3133,-1.911179794,0.405047544
JCPenny,3,934,37605,Week4,2237526.79,0.043323436,25.20839677,0.3168,1322248.699,1688241.72,311361.4481,549285.07,915278.0913,232872.2188,691802.4553,Future_Plan,0.72247928,2024-12-11,-365993.0213,-6.471603229,0.405047544
JCPenny,3,934,37605,Week5,2237526.79,0.043323436,25.72067554,0.3531,1040886.298,1472674.08,281362.4008,764852.71,1196640.492,208994.0906,900796.5459,Future_Plan,0.72247928,2024-12-18,-431787.7822,-9.589324463,0.405047544
JCPenny,3,934,37605,Week6,2237526.79,0.043323436,26.56702216,0.3801,781229.4298,1269845.25,259656.868,967681.54,1456297.36,190673.7704,1091470.316,Future_Plan,0.72247928,2024-12-25,-488615.8202,-11.44297784,0.405047544
JCPenny,3,934,37605,Week7,2237526.79,0.043323436,27.95715574,0.4031,539296.0829,1084393.79,241933.3469,1153133,1698230.707,174295.6643,1265765.981,Future_Plan,0.72247928,2025-01-01,-545097.7071,-12.35284426,0.405047544
JCPenny,3,934,37605,Week8,2237526.79,0.043323436,30.2128498,0.4321,319582.9467,905759.43,219713.1362,1331767.36,1917943.843,153331.5364,1419097.517,Future_Plan,0.72247928,2025-01-08,-586176.4833,-12.9971502,0.405047544
JCPenny,3,934,37605,Week9,2237526.79,0.043323436,33.7889624,0.4852,139869.7151,609131.05,179713.2317,1628395.74,2097657.075,118989.9954,1538087.512,Future_Plan,0.72247928,2025-01-15,-469261.3349,-14.7310376,0.405047544
JCPenny,3,934,37605,Week10,2237526.79,0.043323436,43.89119131,0.5376,-9.02957E-05,277711.59,139869.7151,1959815.2,2237526.79,78479.23088,1616566.743,Future_Plan,0.72247928,2025-01-22,-277711.5901,-9.868808686,0.405047544
JCPenny,4,934,37605,Week1,2237526.79,,22,0.22,2122074.02,2122074.02,115452.77,115452.77,115452.77,90053.1606,90053.1606,History,0.666114711,2024-11-20,0,0,0.405047544
JCPenny,4,934,37605,Week2,2237526.79,,23.41,0.2341,1985392.36,1985392.36,136681.66,252134.43,252134.43,104684.4834,194737.644,History,0.666114711,2024-11-27,0,0,0.405047544
JCPenny,4,934,37605,Week3,2237526.79,,26.81,0.2681,1864945.46,1864945.46,120446.9,372581.33,372581.33,88155.08611,282892.7301,History,0.666114711,2024-12-04,0,0,0.405047544
JCPenny,4,934,37605,Week4,2237526.79,0.022404811,27.56754957,0.3168,1513304.165,1688241.72,351641.2946,549285.07,724222.6246,254702.4064,537595.1365,Future_Plan,0.666114711,2024-12-11,-174937.5546,-4.112450426,0.405047544
JCPenny,4,934,37605,Week5,2237526.79,0.022404811,29.61165401,0.3531,1158659.976,1472674.08,354644.1897,764852.71,1078866.814,249628.1793,787223.3158,Future_Plan,0.666114711,2024-12-18,-314014.1043,-5.698345987,0.405047544
JCPenny,4,934,37605,Week6,2237526.79,0.022404811,31.5319053,0.3801,837278.0971,1269845.25,321381.8786,967681.54,1400248.693,220044.049,1007267.365,Future_Plan,0.666114711,2024-12-25,-432567.1529,-6.4780947,0.405047544
JCPenny,4,934,37605,Week7,2237526.79,0.022404811,33.52680681,0.4031,567616.6486,1084393.79,269661.4486,1153133,1669910.141,179252.5757,1186519.94,Future_Plan,0.666114711,2025-01-01,-516777.1414,-6.783193193,0.405047544
JCPenny,4,934,37605,Week8,2237526.79,0.022404811,35.83029728,0.4321,355510.5551,905759.43,212106.0935,1331767.36,1882016.235,136107.8496,1322627.79,Future_Plan,0.666114711,2025-01-08,-550248.8749,-7.379702716,0.405047544
JCPenny,4,934,37605,Week9,2237526.79,0.022404811,38.73497062,0.4852,199527.7829,609131.05,155982.7722,1628395.74,2037999.007,95562.89123,1418190.681,Future_Plan,0.666114711,2025-01-15,-409603.2671,-9.785029376,0.405047544
JCPenny,4,934,37605,Week10,2237526.79,0.022404811,63.78507859,0.5376,-0.000066614,277711.59,199527.7829,1959815.2,2237526.79,72258.82978,1490449.511,Future_Plan,0.666114711,2025-01-22,-277711.5901,10.02507859,0.405047544
JCPenny,5,934,37605,Week1,2237526.79,,22,0.22,2122074.02,2122074.02,115452.77,115452.77,115452.77,90053.1606,90053.1606,History,0.635846245,2024-11-20,0,0,0.405047544
JCPenny,5,934,37605,Week2,2237526.79,,23.41,0.2341,1985392.36,1985392.36,136681.66,252134.43,252134.43,104684.4834,194737.644,History,0.635846245,2024-11-27,0,0,0.405047544
JCPenny,5,934,37605,Week3,2237526.79,,26.81,0.2681,1864945.46,1864945.46,120446.9,372581.33,372581.33,88155.08611,282892.7301,History,0.635846245,2024-12-04,0,0,0.405047544
JCPenny,5,934,37605,Week4,2237526.79,,31.68,0.3168,1688241.72,1688241.72,176703.74,549285.07,549285.07,120723.9952,403616.7253,History,0.635846245,2024-12-11,0,0,0.405047544
JCPenny,5,934,37605,Week5,2237526.79,0.018794146,29.62616303,0.3531,1329166.561,1472674.08,359075.1586,764852.71,908360.2286,252694.9667,656311.692,Future_Plan,0.635846245,2024-12-18,-143507.5186,-5.683836973,0.405047544
JCPenny,5,934,37605,Week6,2237526.79,0.018794146,32.89613428,0.3801,964778.0614,1269845.25,364388.5,967681.54,1272748.729,244518.7697,900830.4617,Future_Plan,0.635846245,2024-12-25,-305067.1886,-5.11386572,0.405047544
JCPenny,5,934,37605,Week7,2237526.79,0.018794146,35.83777554,0.4031,646947.6124,1084393.79,317830.449,1153133,1590579.178,203927.0861,1104757.548,Future_Plan,0.635846245,2025-01-01,-437446.1776,-4.47222446,0.405047544
JCPenny,5,934,37605,Week8,2237526.79,0.018794146,38.7083092,0.4321,398918.914,905759.43,248028.6984,1331767.36,1838607.876,152020.9829,1256778.531,Future_Plan,0.635846245,2025-01-08,-506840.516,-4.501690804,0.405047544
JCPenny,5,934,37605,Week9,2237526.79,0.018794146,41.76599943,0.4852,223055.6512,609131.05,175863.2628,1628395.74,2014471.139,102412.2135,1359190.744,Future_Plan,0.635846245,2025-01-15,-386075.3988,-6.754000569,0.405047544
JCPenny,5,934,37605,Week10,2237526.79,0.018794146,71.51730385,0.5376,0,277711.59,223055.6512,1959815.2,2237526.79,63532.26337,1422723.008,Future_Plan,0.635846245,2025-01-22,-277711.59,17.75730385,0.405047544
JCPenny,6,934,37605,Week1,2237526.79,,22,0.22,2122074.02,2122074.02,115452.77,115452.77,115452.77,90053.1606,90053.1606,History,0.630298882,2024-11-20,0,0,0.405047544
JCPenny,6,934,37605,Week2,2237526.79,,23.41,0.2341,1985392.36,1985392.36,136681.66,252134.43,252134.43,104684.4834,194737.644,History,0.630298882,2024-11-27,0,0,0.405047544
JCPenny,6,934,37605,Week3,2237526.79,,26.81,0.2681,1864945.46,1864945.46,120446.9,372581.33,372581.33,88155.08611,282892.7301,History,0.630298882,2024-12-04,0,0,0.405047544
JCPenny,6,934,37605,Week4,2237526.79,,31.68,0.3168,1688241.72,1688241.72,176703.74,549285.07,549285.07,120723.9952,403616.7253,History,0.630298882,2024-12-11,0,0,0.405047544
JCPenny,6,934,37605,Week5,2237526.79,,35.31,0.3531,1472674.08,1472674.08,215567.64,764852.71,764852.71,139450.7063,543067.4316,History,0.630298882,2024-12-18,0,0,0.405047544
JCPenny,6,934,37605,Week6,2237526.79,0.020123731,31.10054912,0.3801,1105687.951,1269845.25,366986.1294,967681.54,1131838.839,252851.428,795918.8596,Future_Plan,0.630298882,2024-12-25,-164157.2994,-6.909450882,0.405047544
JCPenny,6,934,37605,Week7,2237526.79,0.020123731,34.70698379,0.4031,749908.4883,1084393.79,355779.4623,1153133,1487618.302,232299.142,1028218.002,Future_Plan,0.630298882,2025-01-01,-334485.3017,-5.60301621,0.405047544
JCPenny,6,934,37605,Week8,2237526.79,0.020123731,38.16650272,0.4321,456401.4567,905759.43,293507.0316,1331767.36,1781125.333,181485.6624,1209703.664,Future_Plan,0.630298882,2025-01-08,-449357.9733,-5.04349728,0.405047544
JCPenny,6,934,37605,Week9,2237526.79,0.020123731,41.84832717,0.4852,243954.5609,609131.05,212446.8957,1628395.74,1993572.229,123541.4238,1333245.088,Future_Plan,0.630298882,2025-01-15,-365176.4891,-6.671672832,0.405047544
JCPenny,6,934,37605,Week10,2237526.79,0.020123731,68.40987696,0.5376,-0.000073154,277711.59,243954.561,1959815.2,2237526.79,77065.54598,1410310.634,Future_Plan,0.630298882,2025-01-22,-277711.5901,14.64987696,0.405047544
JCPenny,7,934,37605,Week1,2237526.79,,22,0.22,2122074.02,2122074.02,115452.77,115452.77,115452.77,90053.1606,90053.1606,History,0.62319383,2024-11-20,0,0,0.405047544
JCPenny,7,934,37605,Week2,2237526.79,,23.41,0.2341,1985392.36,1985392.36,136681.66,252134.43,252134.43,104684.4834,194737.644,History,0.62319383,2024-11-27,0,0,0.405047544
JCPenny,7,934,37605,Week3,2237526.79,,26.81,0.2681,1864945.46,1864945.46,120446.9,372581.33,372581.33,88155.08611,282892.7301,History,0.62319383,2024-12-04,0,0,0.405047544
JCPenny,7,934,37605,Week4,2237526.79,,31.68,0.3168,1688241.72,1688241.72,176703.74,549285.07,549285.07,120723.9952,403616.7253,History,0.62319383,2024-12-11,0,0,0.405047544
JCPenny,7,934,37605,Week5,2237526.79,,35.31,0.3531,1472674.08,1472674.08,215567.64,764852.71,764852.71,139450.7063,543067.4316,History,0.62319383,2024-12-18,0,0,0.405047544
JCPenny,7,934,37605,Week6,2237526.79,,38.01,0.3801,1269845.25,1269845.25,202828.83,967681.54,967681.54,125733.5917,668801.0233,History,0.62319383,2024-12-25,0,0,0.405047544
JCPenny,7,934,37605,Week7,2237526.79,0.02189605,32.95293706,0.4031,889016.5668,1084393.79,380828.6832,1153133,1348510.223,255334.4469,924135.4702,Future_Plan,0.62319383,2025-01-01,-195377.2232,-7.357062941,0.405047544
JCPenny,7,934,37605,Week8,2237526.79,0.02189605,37.0649731,0.4321,542354.3403,905759.43,346662.2264,1331767.36,1695172.45,218171.9655,1142307.436,Future_Plan,0.62319383,2025-01-08,-363405.0897,-6.1450269,0.405047544
JCPenny,7,934,37605,Week9,2237526.79,0.02189605,41.51065685,0.4852,278074.8823,609131.05,264279.458,1628395.74,1959451.908,154575.3191,1296882.755,Future_Plan,0.62319383,2025-01-15,-331056.1677,-7.009343154,0.405047544
JCPenny,7,934,37605,Week10,2237526.79,0.02189605,64.92666528,0.5376,-9.07294E-05,277711.59,278074.8824,1959815.2,2237526.79,97530.1343,1394412.889,Future_Plan,0.62319383,2025-01-22,-277711.5901,11.16666528,0.405047544
JCPenny,8,934,37605,Week1,2237526.79,,22,0.22,2122074.02,2122074.02,115452.77,115452.77,115452.77,90053.1606,90053.1606,History,0.611453899,2024-11-20,0,0,0.405047544
JCPenny,8,934,37605,Week2,2237526.79,,23.41,0.2341,1985392.36,1985392.36,136681.66,252134.43,252134.43,104684.4834,194737.644,History,0.611453899,2024-11-27,0,0,0.405047544
JCPenny,8,934,37605,Week3,2237526.79,,26.81,0.2681,1864945.46,1864945.46,120446.9,372581.33,372581.33,88155.08611,282892.7301,History,0.611453899,2024-12-04,0,0,0.405047544
JCPenny,8,934,37605,Week4,2237526.79,,31.68,0.3168,1688241.72,1688241.72,176703.74,549285.07,549285.07,120723.9952,403616.7253,History,0.611453899,2024-12-11,0,0,0.405047544
JCPenny,8,934,37605,Week5,2237526.79,,35.31,0.3531,1472674.08,1472674.08,215567.64,764852.71,764852.71,139450.7063,543067.4316,History,0.611453899,2024-12-18,0,0,0.405047544
JCPenny,8,934,37605,Week6,2237526.79,,38.01,0.3801,1269845.25,1269845.25,202828.83,967681.54,967681.54,125733.5917,668801.0233,History,0.611453899,2024-12-25,0,0,0.405047544
JCPenny,8,934,37605,Week7,2237526.79,,40.31,0.4031,1084393.79,1084393.79,185451.46,1153133,1153133,110695.9765,779496.9998,History,0.611453899,2025-01-01,0,0,0.405047544
JCPenny,8,934,37605,Week8,2237526.79,0.023510476,36.71657161,0.4321,651521.1192,905759.43,432872.6708,1331767.36,1586005.671,273936.6667,1053433.666,Future_Plan,0.611453899,2025-01-08,-254238.3108,-6.49342839,0.405047544
JCPenny,8,934,37605,Week9,2237526.79,0.023510476,39.43766467,0.4852,349763.7634,609131.05,301757.3558,1628395.74,1887763.027,182751.3017,1236184.968,Future_Plan,0.611453899,2025-01-15,-259367.2866,-9.082335335,0.405047544
JCPenny,8,934,37605,Week10,2237526.79,0.023510476,62.27181725,0.5376,-0.000122534,277711.59,349763.7635,1959815.2,2237526.79,131959.5119,1368144.48,Future_Plan,0.611453899,2025-01-22,-277711.5901,8.511817254,0.405047544
JCPenny,9,934,37605,Week1,2237526.79,,22,0.22,2122074.02,2122074.02,115452.77,115452.77,115452.77,90053.1606,90053.1606,History,0.593661881,2024-11-20,0,0,0.405047544
JCPenny,9,934,37605,Week2,2237526.79,,23.41,0.2341,1985392.36,1985392.36,136681.66,252134.43,252134.43,104684.4834,194737.644,History,0.593661881,2024-11-27,0,0,0.405047544
JCPenny,9,934,37605,Week3,2237526.79,,26.81,0.2681,1864945.46,1864945.46,120446.9,372581.33,372581.33,88155.08611,282892.7301,History,0.593661881,2024-12-04,0,0,0.405047544
JCPenny,9,934,37605,Week4,2237526.79,,31.68,0.3168,1688241.72,1688241.72,176703.74,549285.07,549285.07,120723.9952,403616.7253,History,0.593661881,2024-12-11,0,0,0.405047544
JCPenny,9,934,37605,Week5,2237526.79,,35.31,0.3531,1472674.08,1472674.08,215567.64,764852.71,764852.71,139450.7063,543067.4316,History,0.593661881,2024-12-18,0,0,0.405047544
JCPenny,9,934,37605,Week6,2237526.79,,38.01,0.3801,1269845.25,1269845.25,202828.83,967681.54,967681.54,125733.5917,668801.0233,History,0.593661881,2024-12-25,0,0,0.405047544
JCPenny,9,934,37605,Week7,2237526.79,,40.31,0.4031,1084393.79,1084393.79,185451.46,1153133,1153133,110695.9765,779496.9998,History,0.593661881,2025-01-01,0,0,0.405047544
JCPenny,9,934,37605,Week8,2237526.79,,43.21,0.4321,905759.43,905759.43,178634.36,1331767.36,1331767.36,101446.453,880943.4528,History,0.593661881,2025-01-08,0,0,0.405047544
JCPenny,9,934,37605,Week9,2237526.79,0.024556947,40.42549447,0.4852,452881.4071,609131.05,452878.0229,1628395.74,1784645.383,269799.8428,1150743.296,Future_Plan,0.593661881,2025-01-15,-156249.6429,-8.094505533,0.405047544
JCPenny,9,934,37605,Week10,2237526.79,0.024556947,60.78640781,0.5376,-0.000165722,277711.59,452881.4072,1959815.2,2237526.79,177591.0681,1328334.364,Future_Plan,0.593661881,2025-01-22,-277711.5902,7.026407809,0.405047544
JCPenny,10,934,37605,Week1,2237526.79,,22,0.22,2122074.02,2122074.02,115452.77,115452.77,115452.77,90053.1606,90053.1606,History,0.570823978,2024-11-20,0,0,0.405047544
JCPenny,10,934,37605,Week2,2237526.79,,23.41,0.2341,1985392.36,1985392.36,136681.66,252134.43,252134.43,104684.4834,194737.644,History,0.570823978,2024-11-27,0,0,0.405047544
JCPenny,10,934,37605,Week3,2237526.79,,26.81,0.2681,1864945.46,1864945.46,120446.9,372581.33,372581.33,88155.08611,282892.7301,History,0.570823978,2024-12-04,0,0,0.405047544
JCPenny,10,934,37605,Week4,2237526.79,,31.68,0.3168,1688241.72,1688241.72,176703.74,549285.07,549285.07,120723.9952,403616.7253,History,0.570823978,2024-12-11,0,0,0.405047544
JCPenny,10,934,37605,Week5,2237526.79,,35.31,0.3531,1472674.08,1472674.08,215567.64,764852.71,764852.71,139450.7063,543067.4316,History,0.570823978,2024-12-18,0,0,0.405047544
JCPenny,10,934,37605,Week6,2237526.79,,38.01,0.3801,1269845.25,1269845.25,202828.83,967681.54,967681.54,125733.5917,668801.0233,History,0.570823978,2024-12-25,0,0,0.405047544
JCPenny,10,934,37605,Week7,2237526.79,,40.31,0.4031,1084393.79,1084393.79,185451.46,1153133,1153133,110695.9765,779496.9998,History,0.570823978,2025-01-01,0,0,0.405047544
JCPenny,10,934,37605,Week8,2237526.79,,43.21,0.4321,905759.43,905759.43,178634.36,1331767.36,1331767.36,101446.453,880943.4528,History,0.570823978,2025-01-08,0,0,0.405047544
JCPenny,10,934,37605,Week9,2237526.79,,48.52,0.4852,609131.05,609131.05,296628.38,1628395.74,1628395.74,152704.29,1033647.743,History,0.570823978,2025-01-15,0,0,0.405047544
JCPenny,10,934,37605,Week10,2237526.79,0.025173882,60.0108711,0.5376,-0.000228497,277711.59,609131.0502,1959815.2,2237526.79,243586.2009,1277233.944,Future_Plan,0.570823978,2025-01-22,-277711.5902,6.250871095,0.405047544
